sampleID,x_0,y_0,x_1,y_1,x_2,y_2,x_3,y_3,x_4,y_4,x_5,y_5,x_6,y_6,x_7,y_7,x_8,y_8,x_9,y_9,x_10,y_10,x_11,y_11,x_12,y_12,x_13,y_13,x_14,y_14,x_15,y_15,x_16,y_16,x_17,y_17,x_18,y_18,x_19,y_19,x_20,y_20,x_21,y_21,x_22,y_22,x_23,y_23,x_24,y_24,x_25,y_25,x_26,y_26,x_27,y_27,x_28,y_28,x_29,y_29,x_30,y_30,x_31,y_31,x_32,y_32,x_33,y_33,x_34,y_34,x_35,y_35,x_36,y_36,x_37,y_37,x_38,y_38,x_39,y_39,x_40,y_40,x_41,y_41,x_42,y_42,x_43,y_43,x_44,y_44,x_45,y_45,x_46,y_46,x_47,y_47,x_48,y_48,x_49,y_49
msp_0,5.726989094841315,8.627192275168508,4.800253869123779,7.469359629201222,8.59073871827119,9.976430577177423,7.9555417276354525,9.248995987756075,6.745456709481058,9.036525996597572,9.168009427392631,10.252873298576388,5.933095317407993,9.294593089396379,8.596356866588714,9.90165596850607,4.989677909330496,8.753025420592234,7.616714852525817,9.516555895000451,8.79538156158576,10.569182815851912,9.12138254861167,10.137892444830742,7.179920023755404,9.796705670509333,7.41158251055699,9.574872258906378,7.567901432717818,10.24634814394864,5.1137666709703,9.137019763542856,7.82106945447255,9.007014081693502,6.855394354973168,10.109860998952438,7.655149877521392,8.78529662055908,7.698826119815006,9.895969354223222,6.273554423221899,8.871918342319699,10.133343412847235,10.380672560640463,9.79126572089085,11.343706739030337,6.919742108380444,10.975044744991271,7.511155405798458,9.240889537608187,6.587404927972749,9.582795540922813,5.5780143580646,9.32672481271267,8.0304708387118,9.238844440213914,5.7362196408930615,9.260053293306058,6.825797594877841,9.42339053375478,6.047245721353132,9.2691377604494,6.660094625345117,10.48156123135539,9.663562855946605,11.31837240187661,7.043153758641356,9.961667897959098,6.700820231151386,9.038907182306435,6.995077145170082,9.651372681073145,6.807184707024426,9.70851777720273,7.121790779384465,10.052697417965552,6.415790452043989,9.240346754980123,6.675132638009238,9.662204807452351,8.562112427633263,9.834285385405114,8.097354775042017,9.362928245960205,7.798086895705506,9.031953515077586,8.708206456301813,11.036108630868963,7.096857048281279,9.488805082864829,8.453781429292068,10.299991199840205,8.11370266563809,9.655123426663959,7.463735436863384,10.827352415586667,6.719216511586367,9.829870865392984,6.394390662444724,9.447761977887211
msp_1,8.505676814494656,43.153245714305854,8.135274717829972,41.562346470574795,10.817399020901908,43.58556451556966,8.312411830143716,43.85802627088232,10.853470978352268,44.978916089309976,7.819007420071856,44.360947144391865,7.603471099737238,43.81080418224098,6.83375407997233,45.20415743642286,8.99007751935455,43.86022260801816,8.718634312650735,42.0426788484608,10.875343210903555,43.506000648415416,8.039396087693465,44.09354351821377,8.242050236126971,42.944968424871846,7.652482365691213,44.514798292161316,9.09388875660241,42.56447444171767,9.030881581391121,43.35601955758846,8.002823545382391,42.813645276829305,9.4057437441913,42.91675885218681,7.400353036202834,42.71596288863556,7.681214401683022,43.93734143268377,6.276133245400434,43.35968292021748,8.346168476015134,44.35481017176747,10.510271021188558,45.302273378542424,9.964804080032167,44.48112896480578,8.881877849920595,44.137216514253055,7.7081845836335425,43.94034942309935,8.82047391071977,43.276223789497145,7.531760399673388,44.09763203256075,8.07091673100135,43.98590283325875,10.315235654945212,44.823868467140585,9.041848397930792,43.27843020928242,8.843244978779051,42.87784822756525,8.505449973654876,43.5575801220554,8.284228987764003,42.61417854256225,9.893765374636533,44.6806410709953,9.051571853777244,43.84139157975173,9.603859370259007,43.560700702056366,8.675234372733389,44.3856160266827,7.676179558382071,44.06600948304106,7.129501662366714,43.21739993223619,7.666113282920616,44.01816058969301,9.0187055155627,42.13988063036469,8.277422057000422,43.06713820766655,7.586459742324067,43.45802740239097,10.304993705750697,43.97496651950202,9.957152892007755,43.77065675262174,7.613167266460106,43.463144346980584,11.397489037603457,43.34491183879129,9.965847889009193,43.33533836315022,8.441354644640736,43.86722500805263
msp_2,29.495564589888037,17.682466787506428,26.844401183296128,17.953426228052876,30.868503848908684,19.20225142431201,29.25324356836475,15.686581964916305,30.752845294493063,18.961253836900788,30.1866526903684,15.8602505601555,32.305809196216515,15.55228443528965,31.67235785670494,16.541454521463542,29.902606598887637,16.36789599514738,31.91019749246493,19.02430862593203,30.93262604065385,19.69075704989843,30.965048504217624,16.600376684556515,29.33782578051581,14.884886141724138,28.605556260586837,16.36116834731009,29.169110347575128,19.613841558663147,25.128442327831756,21.52755572910899,23.967250255028244,14.646058424493985,27.435988981867677,17.254184406900833,27.588642846813624,12.17862153123649,29.620864732779363,16.980015322950063,31.420885171752765,16.30498530398102,31.818173877426997,17.942128619357963,31.98676565652645,16.86934816272217,28.99345324382317,20.72612415535417,31.852900992755814,16.10970538989296,29.658054265118935,16.97392540268971,30.811997454605788,18.719165642908727,28.899801235613964,14.49440025297723,29.128606465897963,18.85475459188419,32.316186738243836,19.734440968807935,30.262105411503487,19.285002248909347,31.070620316329105,19.03212477979819,27.506486381913504,16.384194597963376,30.11919440326529,19.913897845045142,31.001740862836925,18.542999911492135,30.325539832055867,18.553864806482014,30.113154552709904,17.427086720782764,28.61749674452808,20.257571252784114,31.757890071470715,14.544767288022337,33.38485781242405,16.733206348469203,33.830721158074944,17.067909138981403,30.82358808345485,15.311842653928682,28.696009898233676,17.62776001209919,30.822954890509227,15.166778535144166,32.310132816734104,18.31840553438483,29.81136626697503,19.427686862426572,29.75584910340199,14.690983349505109,30.32327440840597,17.555366589136703,32.020875355434214,18.458891290103857,30.551661773985117,16.982056219240405
msp_3,32.65915217950176,44.34888997610598,31.206864676954638,44.074914142936095,34.03631997350001,45.40929061967388,33.7274036834069,44.55696057122651,32.46153372715432,44.30125954016241,32.66594717127377,43.054111424593074,33.63710909018344,44.74995424455458,33.03535492049792,44.75605928878909,33.52996175757763,45.74456560054168,33.34166680485914,45.490182035670756,34.17190342566378,44.49385999016241,33.14515526758701,42.84262953307947,31.451753434450005,43.87995099208454,32.85384302055988,42.64252087013155,30.685986088931095,43.56544122773364,32.57778965754086,45.731617798222125,32.109571829357876,41.71594891299144,33.169039220217385,42.83264771013617,34.44834054198317,46.03786987268357,33.261451278873814,44.988494606275765,33.459438134389615,44.350387249547474,33.16482134505368,44.40049297592799,33.34939730189896,45.029860356035385,31.054500119357918,42.75099505410675,33.94318048914309,43.797651366049536,33.431733704457706,45.4579679707174,34.62588187443998,45.66468412993014,34.499119631474215,44.960553904242396,32.8284104101662,44.28832014005073,33.42410383606109,45.281047721034554,34.41905590123882,43.651046282342634,34.58585299407017,43.71850928973009,32.92777693141058,45.064462328463904,33.04390494403033,44.46352633932918,33.504608456199364,44.797967821176776,34.52503918216682,45.93179367883296,32.03814382755864,42.73907232114671,32.7695486233841,44.22995168245605,33.939765084769725,45.38113818200233,34.63353562081973,45.176119268778265,32.95073475940938,44.27431533998181,32.20322213199686,43.65872421988942,33.286182047120356,44.002675320598314,31.86635026675637,45.74090391835422,33.23857617103087,45.11773568720942,33.57897643467206,44.60896687702603,33.77620772257867,43.895622790193826,35.59195693015687,45.836129500968326,33.15014747163236,43.62175786616776,33.47887140152073,44.25739497378382
msp_4,48.160783175304545,32.123743910369924,48.89302199496949,33.0461248462271,49.203437481289406,34.87079451827453,48.999018067674164,34.91848292945237,48.45397069679285,35.17357059934234,48.200557072925875,33.75048865329348,48.48601495015947,32.63956721427654,48.44775389332674,33.146144728648814,48.00181038587533,33.9498948916639,48.30512387778293,33.621112296813195,48.609979205172934,34.32436953310379,48.348549401253635,32.17635433491491,48.44756457503189,33.28305198403825,48.55928454140797,33.86865898514458,48.08911170335584,32.850660923786805,48.63155466850526,34.0397354992575,47.776253840475306,30.93861249105014,47.9238283040982,32.522756359657954,48.79616266195424,34.7768443908143,48.82873905323072,33.78538134211412,48.75060347013344,34.12676808898271,48.45421288776465,32.93012732532982,48.68210094766074,32.763138065232695,48.991112749686394,33.49146454901888,48.95573581210227,33.45672394016059,48.7954531447411,34.29906208301523,48.747373120129375,33.79656636122364,48.812810732909725,33.986924261944544,48.19945527456124,32.85645844721346,48.667211319606096,33.35250715491045,48.56823707951322,34.774629568821155,48.88984622321259,34.47688893092668,48.47348583129471,31.72648122086972,48.481522478189724,30.576889040265765,49.02952048555838,33.495028765595094,48.86257756647288,35.44369402020624,47.89239805601218,33.370377810817935,48.298443159215914,33.7891959444847,49.06641538064177,34.309751371860735,48.33676902771715,32.78726038390193,48.24757282171789,33.06314687914025,48.67245935918504,31.395001097184036,48.39251729605553,33.800145701774014,47.721673887740295,32.426089378284665,49.25539938373072,32.7957222474425,48.838378936136195,34.65107258150798,48.51366224348888,33.54099976548538,48.319080558925094,33.626993842318505,48.44992167308132,31.661586768426496,48.77474752222296,33.642397609996905
msp_5,6.382216302186528,16.230324965336628,5.382654933478712,13.570294343845424,6.126348362767363,18.156913418783198,6.910557612724745,15.520664406432322,6.356845945106027,18.250917320373766,6.826000557734485,16.565415097631387,5.840926302508468,18.3319977860476,6.847388408342184,13.919055708556884,5.495611438267122,15.511680765783355,5.752589703902046,16.90696232667019,7.137108505565305,19.29255709411092,6.007243277321795,18.04942985511525,7.676278481455057,15.565320460791774,6.806424022704565,16.33608859705467,8.000717166155876,18.06321703800048,5.243623671107329,16.578188134027343,8.024808345568456,15.218327760835841,7.23712484906499,16.95469442932892,7.225233613463963,15.968471837673972,6.8103280729470725,17.776685785618334,5.631055886457645,17.48403772591067,7.55481970910051,17.485049351737587,6.613036237297507,17.47094372517428,6.293362915802266,17.10601819297266,7.24831338973377,14.631841048566079,5.8892587515133314,17.658668373950377,6.094363804358579,17.440678972445532,6.553293523494759,16.549754222392323,6.665700834671075,16.602842732564817,7.090780101573525,15.469263899819852,5.8845957225211905,17.80900739883237,6.488353937219788,17.56426620770702,6.965383167571993,18.0096369986679,6.952905215813942,16.86346829765843,6.8482889494204,16.91760288271008,6.9646651225077285,16.906942161371315,6.5130812943258825,18.465226554833862,6.260933203565042,17.75907643837544,5.501325098517185,18.00302446107836,6.487804743607693,16.639421744503906,6.150768717233156,16.051217620946595,7.520960729015659,14.648535395372505,5.860509659819282,16.370476313182635,6.158887231498916,18.75561610106749,5.57954596012566,16.681196681786542,7.425239011339752,16.86441186560164,8.159718950278897,16.48581510098332,6.593156110767737,18.54461397562295,6.620305377591766,16.238479308069344,6.7186587901231505,16.801891036880203
msp_6,10.743166635262023,10.100213583882159,6.0554989756665805,9.134613371210396,14.143919307612185,11.691862304554748,13.652077199865415,9.995745572616858,12.1365646355109,12.693648305837531,15.450156699924019,9.330855338098967,11.832453789523628,10.905398844000546,12.64887273315935,9.559798697997056,7.276489409832589,8.97836087243321,9.789822808481432,13.427338339014169,15.59391068624538,14.801848801838611,16.24955661108056,10.04207870766611,12.590412608164973,11.547233420137625,12.968883757558924,9.055888044401048,13.251137721126925,13.211457051462585,10.07394351865949,10.573726729865156,12.704904978940005,8.406624236069977,12.245232483971314,12.796348492568093,10.203860213754357,9.656776981171738,11.157951080293016,10.766138970408983,12.365481154252008,6.143160181157388,18.51394881738205,10.83125608136062,18.265541468514776,11.722669839911559,10.078864088755441,12.928479933007221,14.227701180935684,10.28752232336895,9.932773471227337,12.599941002184588,9.804825004170851,12.570150974200196,12.882775486450027,9.630061321045051,9.782829970563444,10.397895406321581,14.737779245516384,9.548134753039243,11.009885412445636,7.917293093560843,12.370824705763484,10.630979374255407,13.632364219217587,13.966462645771248,10.55485974355196,13.318100394344063,13.150380307364957,10.118485025104794,12.444155697540038,14.370428196595538,11.371537933861715,12.29275796309173,11.72635708817574,12.778762671507218,12.350517333892626,8.891957608077075,10.52044133643367,10.795679452819792,17.06810837028127,8.525786028449112,10.78426320259199,8.988725836055139,13.124614257992508,9.445747128441248,13.706567610163667,13.361846489591764,15.353803068480158,11.105386515155212,13.14277175859614,11.49164441290459,14.553816441166594,9.766141799180602,10.445578742596053,12.965784895705823,12.7502995832342,11.2501044629757,11.435664815924996,9.622218700224114
msp_7,36.97308761657035,2.7342113649555166,39.135050523897895,1.6913091594866927,38.715330158638935,2.7295414178243043,37.95363017171147,2.306866670747624,39.285884332218664,2.678511448578668,37.74131226238935,2.9915609092026756,39.775270418843014,4.083659722161052,39.355769219357825,3.0238438722605316,39.65484692761437,2.381871499914471,39.93288216323356,2.790289380686282,39.65007133098746,2.6202875089592546,40.391813587939964,2.826971739782106,37.424962244475374,2.8521430741032567,39.64234680344342,2.2144121362873115,40.782175972934944,3.748673777243816,40.116452686431856,3.2295147968149003,36.691704346601654,2.7541397215690786,37.3373641577759,3.6359816849205195,38.292406732499494,1.5824972067553276,37.80146942975651,2.914939495242656,38.45215385081036,3.372955609039952,39.176552164156035,4.164867061173641,39.51456718783909,2.815161596407446,38.783763605517564,4.524873100670465,40.290456666244296,1.4472065361590651,40.722927874497124,2.845654889190115,39.988337073493426,2.201205545965532,38.70331526919668,2.3169341962111396,38.326044841240346,3.353151605102788,39.76387891531759,2.394345417710447,38.33946256219177,3.1563500511704277,37.56716927860366,3.1589513747253477,39.761236987040775,2.426584689287406,43.38393295427163,3.4922972086673916,38.88504548212338,2.4755393131904526,39.22464839168489,2.1984781892926435,39.390125373162945,2.894229733297678,36.98400667714375,3.263992416567021,39.71809458822724,1.7557288871855583,39.25067368773137,2.7358077844498148,40.36420893386615,2.492518494843491,38.35155676064944,2.2953253980246338,37.10798287114878,3.075053648754473,37.79182187178502,3.6631174554404424,40.435718376643585,2.370291577035303,37.61108600629885,3.746576586160778,37.09826112087255,3.281425317444757,38.67695568138631,3.033736631800462,40.79147474179564,3.381811536129373,40.250998299114386,1.8638048065079715
msp_8,40.665908956341944,47.575223526134295,41.72974473893741,47.011033752875164,44.58166452729432,47.49035450493426,42.95478590238518,47.324518447866566,40.672753409650454,47.18921601417928,39.70456259407082,45.691161167353464,42.46562495103038,46.88317399491446,39.7899485561899,47.83322340127018,39.80578989242947,47.41934912671102,36.80020504918012,44.89450078733463,42.922630786954,47.688278593837346,42.15931818337984,46.32350124860341,43.75237023403838,46.14155143729273,42.5910423518746,45.04312408137064,40.051571089544495,45.76710872424273,38.996230752234275,47.54032075466422,40.64983736812214,43.08716402989134,41.051216031193285,45.076223739032955,43.84995955110946,46.76432476466789,43.114782033948735,47.37834467188958,43.33050255586753,46.65681347371399,43.81689877788939,45.901164270282884,43.64042854353319,46.79450381487642,40.95659611188202,46.14510052989479,43.19737597761129,46.47045418371591,43.31754533887657,47.410036119513755,43.64629911624385,48.65110775835532,42.57619365750533,48.0508607502655,41.15549800582294,46.21215182909689,40.81691332168511,47.18852703313438,42.8382067664412,46.88791956191646,43.09503664746665,48.26895685981022,40.46460220838532,47.251583922717586,39.358747997753866,43.425275596134256,43.169290352734336,48.30260098054217,44.133778375357885,46.73911982151528,39.82102404566934,47.35142399789099,42.41737948610694,47.45784132138091,42.99307936505217,47.948710067929284,45.43509775592911,45.93540998909794,41.67042330097996,46.323677694968566,40.05395888785796,46.12337073991503,41.210671496995865,47.05528818169868,35.25575236926648,46.44922348488332,43.75362553372317,47.15794803783149,43.94060890293949,48.12484723183914,44.06642881835654,44.74115713292021,42.61862142239505,47.45565842777765,43.05706383200175,47.02809191528213,41.615062197082416,47.51868338897097
msp_9,5.487573085801884,5.562596185211472,4.126379662520677,4.999636495183736,7.784206965223412,5.854099023987175,6.487243611004033,6.562791648545463,6.43783153604744,6.363118219964939,6.286161998316963,5.918997677534328,4.7269092327854345,6.5348475856289525,6.80487195380082,6.102017930126966,4.495219456860266,6.118904687493494,5.520263750283366,6.721963074334855,6.297826393078211,6.530829649828039,7.665463460665311,5.428676754938731,6.802361354431238,7.517534528214423,6.343402640601251,6.973115150060991,6.562796960782329,7.705426380927026,3.9781928991873983,6.2742531087044355,7.89592522602927,5.271016046123414,6.4065240890175446,6.344226695801886,5.255236898761858,5.368248075975611,5.868005640953321,6.84961277709894,4.998081253823649,5.0620312907872,8.44630420943049,6.82479601594968,6.430688607949751,6.976291184633858,3.8323018333754924,6.745643856980802,7.914413607256343,5.470119805010711,5.505464517450591,6.105750190860476,4.267926640972313,6.62677446143536,6.485660841836253,6.641353972522236,5.0523217980840975,6.366218634667021,6.398922362529625,5.512653461663536,4.94629502511539,5.6200656065646335,5.382996047523491,6.540135935259013,7.98844217725447,8.21888362309894,5.430670146421928,6.364625576055868,5.050739028916318,5.443486486521099,6.076567884642412,6.712608056098269,5.819732886906294,5.475314049912686,6.009840860772794,5.148903398342188,6.3192074214050145,4.89543903501168,5.916387551494676,6.073568054296999,6.538598330445641,5.766855538844567,7.081998120490667,5.974038860814584,6.378261084837305,5.685090293229759,6.932854532261782,7.755390950215414,5.910839331556328,6.7182963508226905,6.409722033187354,7.523059820106269,7.385176872350577,6.532689898649291,7.384412776890272,6.746000110594267,6.003195959180484,7.029233496389505,5.436871599756028,5.25325209825581
msp_10,36.45580692893412,13.894036454198085,40.222458992557875,11.239663879482992,37.60295725861174,15.96693843473866,38.05335486270286,14.97783892711083,38.496988175286006,15.147781143162018,36.02114065180314,14.137371115726879,38.84218620796702,14.56113394872204,38.64673041866348,14.156563438931489,40.44544353806026,11.58416616502782,41.00107738332132,13.32378196730219,38.99105008267918,13.679071847524543,38.71078481399225,13.046416683479679,37.33089237156131,14.05154256238869,39.57302560726325,11.380511770360988,38.08720360936637,13.484127181530287,38.959322212589086,14.606108446759565,37.30750132872564,13.02737644023742,36.39131164370248,15.458827517431075,38.342147982509296,11.492679564913525,38.596201195210234,13.509520334139065,39.4619503464318,14.487501200099503,38.897168675274855,15.95574753408363,38.29122647790456,15.047673037557724,38.07890174630154,15.186980803734116,38.74427027419806,13.316403988576173,39.398344516071916,14.194379255868267,38.614223102981065,14.16978851411057,40.09388287565899,14.04154477525045,38.349216718302245,14.959683436356727,39.0688104403272,14.688980263150157,39.07006744558221,15.811604297281088,37.87773314953306,15.339640518428345,39.61996972210586,12.067598957615916,40.0908077325453,12.461629737860951,38.945948836463494,12.68754578226538,39.35993848577015,13.688224372551591,39.00700483933865,12.159385516550982,35.03376217120463,15.918564403399065,39.889089942164716,12.014990213512498,41.1813152223021,13.244652494294549,39.21874200199953,14.093419166386491,39.025811309412475,13.18182498498605,37.47210335267884,14.389362572018701,37.145602633577326,14.754963641732648,38.652033036489584,13.918288586978834,36.61654157240463,16.602515886678876,39.283002771325386,13.9402477572333,39.02337234399229,12.790088847708871,38.86647523352556,15.95034491442661,39.26977095752837,14.30305593305301
msp_11,9.728096516508288,10.077194895215952,6.66631142881123,9.882571193562127,8.776587883288613,12.53541456644584,10.82722822210224,10.687944663136685,9.154547361615395,11.846512502292132,11.988125447784487,9.757855541784409,6.698203886427926,16.799206531467423,11.32703534279462,8.471578344189037,7.0902155578294135,11.462056878129738,6.5746012123019355,15.240729727444776,9.221820167956658,14.04010379660165,10.623358854884208,9.926948294620471,10.975654618051975,10.273525925507888,11.464392587991247,10.240604394652314,9.96428899782455,15.973466110028767,7.46661614497155,12.64169577416835,11.990044214286373,9.218447240401499,9.027554013884291,13.505041957347165,10.509851450913478,8.757932309985236,8.398145728588467,14.231925361932587,9.085186937320076,9.798355864133967,14.020136695827572,11.581008615312255,8.128858362647662,15.582605482811092,7.365629332014468,14.121952224074318,12.137644261462627,10.04516567883561,7.99028760423673,14.99192606881683,6.969930217788907,13.992367492838989,9.339021837032353,11.192135950475375,7.90781305048985,12.22228444462633,8.349890030243682,11.846359582108995,7.250801816690437,12.746051195848262,8.66323227506781,12.482515105950304,8.681928735862197,15.324536709570712,8.090732045862616,15.277980075792257,9.660646330863738,11.088108214902187,9.935799152804535,12.957728858805122,8.230259629169154,11.355740381134199,8.910545074243895,13.682112606550788,10.515880641654963,11.144077001930707,8.02883008015641,12.258003070480072,11.128030261855148,9.572044075739111,10.21826545986541,9.314981887000926,9.851781058005026,9.650848383302385,9.469138083843417,13.681096779619942,8.81720262703033,12.386666919733429,9.650024039509292,13.393249741486184,10.891443793817166,11.207654828401527,7.044187334197041,15.49343285074274,7.891599899941461,14.153003423459204,9.091147905252605,10.685943257223308
msp_12,5.040780204378972,3.249407864155426,3.67743776261565,3.187801195649673,4.099803467291874,4.149496062105911,4.273350354284311,4.026576802369668,4.538757547965748,4.241006188402228,4.382307296897679,4.127075610639672,4.308418583657907,4.2216844711965,4.556937220982292,3.6871931418560315,4.427102393258171,4.166856703996011,4.022319412020124,3.855040687486543,4.123935580389826,3.9405785244326132,5.4612441982555495,3.9079678752680316,4.794778988705062,4.2794849395395325,4.250337095253236,4.382166641412791,5.363695814869846,4.757903294473959,3.74054556647015,4.656733990016349,5.626560003347446,3.37118106273892,4.985013174768131,4.249457129072571,3.6203352715194974,3.5907173107116606,3.8973301093021036,3.740725288603784,3.94837612053319,3.9515870971769793,4.852439201264431,4.386404715059761,4.352720770223694,4.129313958814837,3.9886497502301275,4.74632841291951,4.921929248896763,3.285325622335563,3.785538508976618,3.8745724598888884,3.285291351166471,4.719733744586076,4.863936450143736,4.241711973862866,4.6714611448064645,4.366662887460798,4.121539254225247,3.7998701102051697,3.7061561540456687,3.6597044786057893,3.878613181665031,4.100040666614124,4.653752209171717,4.818130320448322,4.410674340861572,4.722666115130863,3.807965051850669,3.845677267042092,4.152785300727086,4.039415375986973,4.351151645617708,3.530787722895706,4.648712249160095,3.722154728781163,4.818494942668384,3.341512866768568,5.116435888370702,3.9383132891922834,4.21543942290203,4.441575292341131,4.96938844594699,3.3358665830834724,4.5727444458173885,3.867591905594871,4.624423223601543,4.114697478013355,4.1038303185905,4.016848726103888,3.98720342668026,4.039569976611684,4.983317837965576,3.8555347373089894,5.134646261651277,4.497819671787617,4.382083867198347,4.918321607910478,4.448805774357293,3.805581931111611
msp_13,41.583761572333415,7.1050382157450755,45.11933701252749,3.944956074730136,42.37348493082466,7.205730274795968,42.51221771840686,4.983252189847516,42.19798004921519,4.832931649822829,42.32128595412222,7.455870724695188,44.022807154310094,9.885659845173201,43.413724149372484,8.477201101692113,44.65499381350065,6.616478395917923,44.59167281336816,7.059583951638473,43.8598757363912,7.138018562055702,43.74546949691248,6.541421473062314,40.96804560479505,6.757874110748702,43.67269793216937,5.548436784517836,44.52980837020688,10.250527402140555,43.2584865587336,7.742017996177914,43.655991871826274,5.591489697616698,42.39503822174407,10.17037706087735,42.92663034912904,6.486005551311294,41.846463731639744,5.824133389858414,42.77260030220869,8.423889092790418,43.17865393326355,10.24792271770249,44.30888074239452,7.10514408356417,43.49699008770325,9.8389570129779,44.58737648197416,5.48340537608642,44.49101688103451,9.219566414489083,44.89056887839586,7.277676700300052,44.68533249664337,5.700572201441307,44.100686901873786,11.9806663541643,43.76133641670542,7.119063181112878,43.05042745826056,7.671676392375989,42.91552026469057,10.169385600349312,43.950750223490786,7.086491182104474,45.17978412683271,8.890626698351301,43.58511519560191,7.3324372498376285,42.81559602198297,7.23001265552503,43.556691867820625,7.061128277444009,41.07197623195859,9.361215875997374,44.464466269359065,5.316808078986178,45.791616510971245,8.880174351767579,44.29132189693947,6.779064478983543,43.070007404430925,5.2342631084815245,41.28174772493642,6.689945621045528,41.095528451180414,7.268514932844354,44.88361185745258,7.845218954497213,41.67858445450132,7.274231795075515,42.39579549492349,8.691065859356161,42.532427019989846,6.57240377434271,44.06777962997387,10.112398465727585,44.856300561457275,6.5582763020389585
msp_14,22.106579419098566,40.410738180193704,16.3711074842272,36.4656680063256,21.162662705338022,39.7535628529372,21.842766080791364,40.18745118663014,22.222850273224566,41.91638694248766,20.86258638571538,42.21294454951479,13.89255236801389,37.61888363907122,18.095514025679357,45.88269789783779,20.183795446549333,41.51278856814706,17.538840635366835,38.87491961011986,20.929584168858042,40.005706389191374,18.3075876120669,39.83364429609592,19.86696189947688,40.317979485808685,20.152143900726763,39.97464594737784,21.535212967699707,39.64068843270324,19.374439695603332,41.55611371278074,16.023146427783473,35.80844646692585,19.293589697494717,35.13102433937772,15.50188323367444,38.36464344384554,18.915311703928623,39.69184359484606,19.522695534530676,40.87030366112125,22.32304889954193,41.06863441688499,22.581662593825296,40.61124006646969,19.75705751260414,40.49039783251761,24.962919872253842,40.08826648367018,14.591587146559958,36.839371325083505,19.035087931257294,42.22573607076804,21.157973240007408,42.19124668792492,23.086178580709586,41.01601138902821,24.67974832523015,44.300160531373706,22.197358181069333,38.95221992247535,16.352138984982105,35.008465534358876,20.616855076529408,39.56720020205598,19.306498732126855,38.08026399689755,20.268163609637295,43.268361003377336,21.30583423942792,43.78112926450434,21.137793359510788,40.395639412660785,17.17972344408858,34.80425407331061,21.386954996809582,41.47561552011193,18.07632806623071,39.94863691293257,23.06991191789542,42.559234824893224,18.567029147497692,37.96319939560145,18.838132519334394,40.874499723728896,16.422117678483584,37.83986842767984,22.812573990139533,40.835621027497226,21.25610237005435,40.07137132409579,23.74545747671981,41.34148771508414,16.934554546683938,37.100086793801275,19.27263719368667,38.89603771936707,21.70857266836007,42.069196216481885
msp_15,27.43264329267722,39.927775071025245,25.587957327381275,37.7633974132406,26.462247174798083,41.68808215038729,27.900816349641826,41.30950050974313,27.46937786415957,41.628360937326384,27.29757790746896,41.53119444469553,27.056091549373992,41.83917233265239,27.8009360253675,43.695905670132404,27.314875161090914,42.438849671048985,26.062822349016557,41.272613136775405,27.78215471245447,41.99099014611858,27.093349730915072,39.82742414161366,26.792018218205783,39.58497255213145,28.232745259177175,40.95412744766291,27.688576896550007,40.64723176407903,25.565627788813703,41.16000674697233,24.50668661966734,36.736818176990575,26.353294922502833,40.72974312575223,25.91985830820421,40.641377105638895,27.755677227102378,42.141483771625275,28.53921000526971,41.20954616454276,27.517629938167627,41.868763228310385,27.654480415811477,40.49090196498949,27.266411809571366,39.830005299869704,28.387545157857343,40.91036538822027,26.297183687501185,41.2713275989721,27.08112782788689,42.51340246143271,27.644988064730367,42.2467516730793,27.999249923973732,41.56474614114096,28.29580850500958,42.92234295953371,28.21335612367561,40.5523809199357,27.78947715181823,40.56580932854511,26.269552277294483,41.48758866631917,27.054747773233835,40.4688512106693,27.103102394651607,42.65244387761979,27.2771242829514,44.36518857892197,27.320622932745454,40.959649378671614,26.312461226183625,39.37638858211038,28.33306476778416,42.782036170842204,28.080907722779642,41.11535405349602,27.241561438212877,43.038123703468074,26.714458798049765,39.832761224049335,26.869078545875034,40.73996357139888,26.097518657483203,42.37193616805587,27.421853429048276,42.303184261981954,27.933016662683933,40.9101956636214,28.71102872323278,40.892591357703225,26.598983059442517,42.070424619271705,27.27693176671238,40.68490054237818,27.50743148101382,42.01738148102169
msp_16,25.577854542057214,44.39121021667904,20.028701123809263,42.350791171743495,24.792747629171366,45.04978367132423,24.383487632693722,44.67571905762814,23.311820084826387,45.35006681731857,21.983796911053993,46.458190321116554,22.208791897457797,44.108064213845594,17.44729244802881,49.019324435377555,24.528083371219648,46.857861503501184,21.808328272811774,44.737513935590066,21.32333253714002,45.38424363802913,15.686186299283898,44.38520431849733,20.431776829253188,43.50949428644557,19.00363295240303,45.77821476259833,22.344352324423546,42.81387717776637,17.67737472401795,46.41758245050633,15.91880561098109,42.690193317114435,21.87101544040981,42.1173828785861,23.515549062295364,44.364928110478175,18.56847035433689,45.36560922142674,24.497842331972244,45.750924391453694,24.83285270056102,43.71735818725263,25.283025382578867,45.094466612748846,19.236187452431714,43.9150100446209,24.88103752446814,44.92715176709696,17.215630814012336,45.30348161603338,21.011843820756713,46.77243289525735,24.352120064313432,47.617085006157936,26.511860400442956,45.22741138690928,26.032384209810154,47.31295364896155,27.50278337576114,44.28889821195183,21.406766900530396,42.20325008208046,24.177543439298315,44.60096125337252,19.930092728529406,41.3254529415951,23.354251047660277,46.29480602830378,23.212883047484013,46.37267601035251,16.783986807318097,45.13765396117354,20.02259987272582,45.489266195013506,26.286154297853923,46.49248309229565,27.294856456980447,44.20710775971342,22.4496919657883,45.639358194984275,18.895294705388384,42.17422717567412,21.832266590493038,44.20407288223269,13.090648679768663,46.52324693617156,23.59538851004632,45.02670280631982,20.211927121822328,44.01779425343011,26.769249388707422,44.11451542904413,23.032020756604993,44.32937332767779,24.797877424764625,41.277451128063916,24.94403908995237,45.95683225826985
msp_17,12.458807398548448,18.63583086486479,11.402720021480155,18.698615522913176,13.831776931440569,21.90701960157895,13.241000664501179,18.506004150042955,14.63618439677448,20.367507841038172,12.912921440157449,18.90788049188168,11.287909561858367,21.279728407034927,13.522049642705996,17.366372366752245,9.408249226850208,22.486593397328008,11.717627126984711,20.205354471677587,12.889502255413086,23.31201096392946,12.836592055927278,22.369935042782167,12.84298368034134,19.373543455056662,12.709706159120282,19.18866967540907,14.063597183487866,21.62090677914847,12.401416666084456,21.13429291066279,13.091935532502594,18.967848729853813,13.844926877866834,19.9924857957559,10.783007902907201,18.26041181526091,12.740964144613686,19.6920757764228,13.657167474198644,19.81301253521336,13.847323204031413,19.87375419641944,14.281701239794563,24.592878715073923,13.419934595045802,20.755765464259355,14.458492974137968,17.27581673126936,11.627434015189575,19.769553795474632,13.102788075837267,20.55559630541481,12.33724458641024,18.898757794692553,12.810188123291091,19.246965033795334,12.527306509880695,19.702611724974776,12.430082184837532,20.315005384864243,13.066478191340673,20.992432973847485,14.40979894424564,20.679442748788926,12.68144144936982,21.682624776908433,14.477080278438024,20.150459486814178,12.938661905976538,19.303051031623568,14.402998835762952,21.8341018808457,13.56246227637618,21.789350041316588,12.420454240923622,20.558838297319415,11.105652327732475,19.5029912303038,14.00331721506459,20.04336452525997,13.974191192351059,20.517038153413182,12.681653792862697,19.981365473646935,12.959204646538295,21.181379303647113,13.549955329924327,22.45251908355339,12.412833753163238,20.138337621527736,13.099103191368533,18.950845181797966,13.185308679980192,20.955502329509258,13.901317293394508,20.292950849550515,13.327707590758665,20.314275653111192
msp_18,2.5158097000924613,42.211596835373285,1.7897859783234082,38.07140302848341,4.3996819407685415,43.0267555162271,2.0803656829393766,40.5234050658934,3.126223049804718,45.03032415790952,3.130756455459842,42.489888042502486,1.9481277067697818,42.7771477663065,2.0991201331213745,43.78577400501196,1.995196328238734,40.84657582611126,3.158396926508356,41.3899634131389,2.5695266342941743,42.75188904902356,3.14096429324988,42.97102199101879,3.3248349968075814,41.469255048758335,1.6804930383759356,43.1368882960348,3.1468877386374814,41.960295200347154,3.4258883270033955,40.95951158246263,2.5894698669222294,40.44336059244929,2.887849144172087,41.756724827758966,1.7781846896604456,40.88861039161692,2.2341160163430125,43.8941524038175,1.300115061471665,43.375741219888546,2.8955190934689625,44.320826601837794,4.563483199501615,43.683529217947665,5.607577006755449,43.85996382001593,2.631218814862841,42.63641414545546,2.515040487921482,42.90136600737863,2.496531639851728,41.80687592606195,1.4896209690491276,43.82949741429843,2.9115650981354086,42.7310347691033,2.677166876694688,42.71719129142538,2.469779770889865,41.7961026151378,2.972684207108845,41.979916036152865,3.20517389546902,41.86547964547685,2.8892374783343406,40.11500735042047,2.3246749729511755,43.12847264463748,2.507878798551328,42.8566091265248,1.8047131289229768,43.653672812521144,2.3374599273495242,42.286020231755884,1.1332795933102702,43.26885169231663,2.2296951783226646,40.178168427381195,4.9898979278893805,43.15660155612702,2.367124910253807,41.96840165049504,2.7164973260578087,43.911292907861544,3.083694656271785,42.41541759375583,3.8769468395562825,41.59569147270675,2.7650719660344656,42.20264680355577,0.6970271358710569,41.527909181420426,2.6603004927505474,41.478633593176944,3.2199117277737344,40.782623261169675,1.6288279051535746,42.85443799601255
msp_19,10.344731786397329,24.990887415604913,9.49560171143744,27.20738491402285,11.922442232891896,32.59881860668458,11.987160947822872,26.755210172674513,11.821620860246531,31.97591504508752,10.629927005816445,25.502309380462993,8.409564521237474,28.456543152796222,11.179055806243547,32.49465433523359,9.719916601714466,30.55571211556351,9.38654755132131,28.05929201633183,12.001225932674258,29.35979079095904,11.07993147597096,32.489647459566996,11.265884680772041,29.840317890012315,12.083003760984674,26.991722819068936,13.013207263752511,27.548155148889364,10.282029908256115,30.79817966924066,11.930380809499036,24.580480627203926,11.97665037131809,28.084451797617167,8.360655589496936,27.793232953467292,10.840007207004806,27.948119883411266,7.5781160927887505,29.769992250405334,12.79423080827629,28.034920362144206,13.590135153258949,32.97984739036934,10.846571946796596,29.041808604152845,14.062469801569868,23.933157833917207,9.46601177362301,30.05491027887745,10.809708604762346,27.10345590439207,10.235866944576053,27.117239096228566,9.372549936493769,27.049319323816054,13.657552933069244,34.86318967993617,11.107629083621974,28.79084578815886,10.57586384085928,29.04397553356116,11.465108074700172,26.720079543829904,11.824816246061006,28.009001231323097,12.249959471846852,28.88758334807822,11.816943333907487,29.039850259554775,11.406710203018969,28.96266505744703,11.293164423718201,27.00412741865003,9.056956338974093,30.027912724676902,10.88682255129551,26.65764924889821,11.952867900116038,28.972154721064648,10.952851144158439,30.06051413141283,11.603780314539426,29.754903565521857,9.773410106216847,29.448704004859565,14.437016433878627,32.03813045355307,13.92866867029007,28.231353269206505,10.058501285852305,30.483724519240884,8.986685140179215,28.085031549959833,10.712577233296386,26.84545067284867,9.671231099673257,28.605722462937685
msp_20,39.76604498950194,22.07175454930597,44.54005543611207,24.478155494026925,40.32118763053852,23.312557317495866,40.64280359651878,23.180124027739197,40.504879249222704,26.61020917547658,40.125091399615904,22.06867093901962,42.42750716209645,22.499064374351228,41.6956742681448,24.042494924640113,45.06819378379364,25.076914208534912,43.11717494897286,24.316585973085342,42.108846949314206,24.194420391394566,40.85568434401478,22.342245566763957,40.8687950623259,23.450511067874857,42.21319203004215,22.987927513882298,41.549523955658856,25.231927749248648,41.71761813464549,24.329055164639392,40.3203945403844,23.597979268384666,38.555103775095155,21.92819400561885,44.07225334067116,25.598518178938665,42.63742874525399,25.93666650484099,42.45033451397312,23.93034141384095,41.33789850784764,22.457384171962264,42.24367909779435,23.76279550747278,39.663122354340736,21.107507092100434,40.65767105216051,22.78565717290598,42.41356924222674,21.27638474841516,43.52132857479829,25.14715493332866,45.09309340349235,24.522310776797642,42.37362990429369,24.391422758094894,43.815658828336616,26.291282633020188,43.000931810363,26.580605466451587,39.95729569541846,23.994908810343034,42.36623114066242,21.53980194707183,44.05482411855313,22.542791984741626,43.08776580160217,24.36791947209009,43.23063800811777,26.483137649641186,38.20525038848801,22.20371710536702,39.756751337351915,24.177863735769524,43.541490120415006,24.83507319699547,46.83385295225125,28.394319972288393,42.00640187381569,23.13921241731466,42.283215921154564,23.023552875228738,40.423542310815165,23.823198349646717,38.20607844283171,21.529145006726605,41.63663254370407,22.803080831355064,41.414964698414536,25.20785689410258,44.23512165249176,26.501474890654166,42.35057912271769,23.858029492294747,41.746031229005425,23.06998725688276,40.717592850836766,23.683880500820887
msp_21,40.598388842318215,21.88032830785507,44.2703996670029,21.41560681207133,41.35091883093689,23.548876975678397,43.97851008445498,21.440600019585748,42.35795230279561,25.615636495902564,39.80112686343733,18.54550040855268,43.95996541941052,23.150257539663237,44.37010218558139,23.30552824045143,45.989517235190746,25.012923361033742,44.69733288873873,27.1794247818838,43.932884375395446,27.216281801875613,44.032223607516244,18.92262930745703,41.63274043245313,22.375504866375696,40.931152415281886,18.003303414379467,43.53325221623358,27.508727053290944,43.64824858300977,24.780054489621254,41.14240434321407,21.64089563165866,40.50117816183685,21.161716036691686,45.58940751636618,20.90205840594409,43.40481083938238,25.450500789117292,44.92397417680115,26.807048381802932,42.94297141744423,22.983846771577596,44.09866409558825,25.156801298122957,41.57856128872074,22.813287833469136,43.08807280424247,23.23042993672209,44.479981841685884,21.563684382706533,44.255136519069225,25.39875642214796,45.400370640600286,25.884598482199017,43.939338253122685,27.1086529850392,44.73601692698699,26.592906403793148,43.701348100790426,29.50558989287652,40.89544459707433,24.978262783205366,43.4250798359232,20.095061209699672,45.306719485176195,23.160759039162965,43.88659178837837,23.349576605127066,45.13439890317474,28.061169489679205,39.76465324419924,23.255364118726256,40.149191106879606,26.28489853045697,45.925357094508094,22.036534594489,46.434756342139686,27.441944204630126,44.22574954411144,23.106813923898663,43.0846139078284,20.318645221311243,40.148754480902284,24.653684653170167,41.99544187955691,21.54810038766943,44.55176076455869,24.443198108205728,40.42010899795446,26.987463949957505,45.19465328804466,27.8648861419169,43.48425971155206,24.68074448873651,43.11059315347884,24.041230392356475,44.17376205811676,26.93586620151541
msp_22,35.764697935218514,20.038746671817517,40.59729898294514,15.50373311736411,37.948695104268616,20.387716831394414,37.917938556421035,19.437797659260593,38.19457266610129,22.60300850795616,36.06608669112845,17.18426123305057,39.28908654031403,18.208097988653545,40.66812449206279,19.963081009002106,41.35654550710554,16.853602425183666,44.01749430306265,17.76744083630478,37.17810994925974,20.047240043637576,40.6713582532073,16.730062242286223,37.195339619661574,19.091233892016152,37.724841570737155,18.20803749275692,39.90724062048746,21.03943072353884,39.219498422393826,20.95918375688519,38.8542454422351,18.683894854734174,33.163809941910905,18.72050075373843,39.78506891977932,15.813409091530431,37.76347017795314,22.85559463050961,40.900621002703865,21.306437345395324,40.0265299075172,19.409381392262084,39.11172770387118,19.347768842210826,40.22550514097776,15.948614059606477,37.97631084454888,19.174828718393506,41.287053753902974,16.38036823250178,39.239960148369946,20.29050076573716,43.10923040286994,19.432981093602137,42.38483208952427,18.73326202704338,40.175201052794066,20.691046197850113,39.39456838359621,23.690149808219154,36.307192067474645,19.98836325246707,38.15805384925227,17.32241621630792,43.02067378570464,17.136312353428934,38.85801645800014,19.998476149853058,41.74554514149162,21.720642666944357,36.44048238047239,17.26764390367934,31.92389066300751,20.83607922846553,40.062701640825665,18.529900869431025,45.17736392268499,23.52088060901793,40.523031633115664,18.812104984762833,39.51272517199728,19.00546667479538,36.32955038753975,20.306813652306527,36.65410846215624,18.30187839151491,42.110424601771314,21.033953744342217,37.109862409535516,22.258153749791408,41.927133792089734,20.887897324808876,37.72191310666272,19.26890613930289,39.67907284707464,19.378650316996847,41.12694846584509,21.381454357763573
msp_23,2.5590049715829366,7.6341050796880765,2.1612165338331017,6.702901825572937,2.9806662757566933,8.719228379677155,2.718579827301191,8.274227285862324,2.3353194367185317,7.625465929561564,3.260922163807397,9.100157597198724,2.0592285511545896,10.478102882598268,2.73215104957276,6.312226046928284,1.0504997424933116,8.45094252167327,2.2732639696921737,10.183889491565404,2.3522659824631944,8.45657536182578,3.5320191397557608,8.402092085147743,2.847853522421648,7.251330737319414,3.3510103830337634,8.612142240441205,4.830892732625909,9.457560632699053,1.3943085882269557,10.00379152686812,5.701187228494167,6.3361908242000595,4.993351707592776,9.829684336378389,2.4488626576639625,7.267311736678124,2.4810825847636444,7.994850513476997,2.644503501336793,5.163617344754897,3.7037461833192964,7.896134653715887,2.682950465323934,9.438620375730387,2.104514851739566,11.336595110293631,2.57383831582019,6.993419925586892,2.07392033306326,7.341346951057385,1.671148219119189,10.365708228433384,3.4301113188777705,6.161068647000267,1.8467912519167982,7.955657574671189,2.2926682421294764,6.791259443478406,2.347311300962769,7.951770713312968,2.2477162333083847,8.35704784878494,2.952452733112949,9.39559939102141,3.306711607608424,9.469780803817514,3.456678986255451,7.040714273215869,3.29110393448952,8.28662894467066,1.9079154776009055,8.215594998940684,2.931980773715484,7.927852988405235,2.2704293119800525,6.955500761493379,2.809614638001822,7.500632646873736,2.5664719580231683,7.175993180721125,2.9020599552776183,7.298712467910185,4.065968365190159,7.324055207271776,2.251369564727977,9.459136886894477,2.0066952826882627,8.035397888190598,3.475694388681706,7.847889176156624,3.30569508775498,7.598451150834894,2.8955702605756812,10.343114691485132,3.1236442276261833,9.267380018564097,2.613943094064961,8.478661405419004
msp_24,11.322894218290992,23.095406246280724,9.693655936977088,21.397553408142784,15.550881707851735,28.47454971441592,14.709190477423382,24.91216061840919,13.973453533229222,28.105072706213978,13.442582009263852,26.99916433949193,12.052387069895456,26.94585947246692,15.384969805966584,24.360795450096784,12.684057794093283,30.443527516595243,10.920074348380652,28.095853173579208,13.450396932029758,28.77233110301854,13.433467441987332,29.07991471737135,13.067254225792547,27.103884101910378,13.280924652302216,23.032615916742028,14.247086692100524,26.58684032479761,13.557293545812653,30.29845499560286,14.01690293468306,24.416383407053836,12.155348080386704,25.878686432740622,9.519246031451358,26.412238191750845,10.435481766870568,26.27768061379078,9.985745071241205,29.066753078861648,14.088962423857698,26.29299434656053,15.217257674710106,28.477225817620837,15.111413397755356,27.56044390302952,17.811248342032265,23.07578751102698,11.163199119871955,28.127586212132318,11.805119468330304,26.167755526058734,11.427668249930244,26.85995781992031,12.214679751765493,26.25003566947425,22.38347490741563,28.049103919185455,13.076629745313323,28.243127283087347,11.462820905029924,27.814504192952832,12.224778433061202,27.500826562263338,12.14178282761092,27.037161644118587,14.55308816268099,27.906071244207435,11.857861669149058,26.938867365137092,12.678727887143596,27.984373519850795,13.165819129031693,26.314853661825904,11.708335180404907,27.688659074382898,13.370021082443387,25.072217269310933,14.292808765877707,28.508238366849547,14.478000433573817,28.405933714054218,14.467344883600006,27.166728310607006,10.972037956392196,27.338971996419943,14.534268900830483,29.465332394334254,12.034115296086823,26.679634571024653,13.319946393454812,26.29723562354925,11.880917567435729,27.944910029951743,13.218798404111569,27.30410241367093,11.560454566926822,26.559104689149944
msp_25,4.748549507786269,20.923314311400276,3.994336121356607,20.181269122722952,4.676395359464205,21.825275361483804,4.583163774315192,20.969230696939437,5.664790359916154,22.32165049495633,3.9155711828467084,22.102696099878223,3.7386199776873674,22.140387984248996,4.727170185029692,19.876656319015915,3.4742514762722863,21.8415739642998,4.845108660442111,21.352846100315357,4.6834478923400304,22.934173548846918,5.1050699683986345,22.55003846891456,5.46037435744136,21.033559260682967,6.406408110242317,19.771766096805415,5.571862366266995,21.86821946599082,4.760558427732747,21.72566298614353,6.032069557500876,19.91407555174148,5.484143184081624,20.647122816016463,4.348003162984387,21.521577138102842,4.828235454217076,21.393480857990752,4.210479624690933,23.07698440553731,4.9313150018388825,21.882207041533626,5.834980684707954,23.02168191359246,4.453415930672492,20.94925486785144,5.574736252094265,18.84494753486448,4.324053545900394,22.28329651660582,4.154224801996058,21.373306736797147,5.157792555159816,21.676891110261543,3.6189998100341825,21.405793453395724,5.576915970840407,21.416090359133946,4.025469600223666,21.654428647755978,4.628439841478826,22.26662149487748,5.667062179454387,22.621248440899304,5.377741185663659,20.631033008065906,4.96661518876293,22.01395156030058,4.39471702584677,22.022998217508533,4.191121402649674,22.097123335511945,4.9101932201861125,22.688210676698034,4.872466006833459,22.95802846725086,4.332161826744812,21.214265545229658,4.089271571159298,22.063849752146837,5.382760678832593,21.727374515885575,4.708495896648216,21.789433643284845,4.527536601462714,23.057952564502916,4.727963275183804,21.425971355582867,5.1852880527392955,21.931541025121764,4.978513246644852,23.105615138891565,5.657613320413983,21.506638432629753,4.976267010659974,21.153665041115705,4.674239518701196,22.167529636314427
msp_26,33.73655065651767,1.4724064379869546,34.4216236372109,0.8312860495183756,34.56624831713157,1.2333535415860233,34.53588490322059,0.7687366532902011,34.45635416368017,0.8583630045832464,34.21510040272448,1.514827505054388,35.912663827207794,1.3790192584536562,35.25050347690243,1.0012761581543934,36.367721901935724,1.2835853010845106,35.975549054148075,1.1120508666429565,36.208229766373336,1.0062754718339058,36.089015524433435,1.4072523573207114,33.870442183019335,1.5866226908169097,34.83733847079903,1.1750959931351517,35.64229342417481,1.60103415774649,35.653158759286164,0.9118094488107751,34.81739097424541,1.3277204185563498,33.49288010255472,2.3943689438924665,34.923776769746254,0.49457429110572093,34.578102030187665,0.9505049769109917,34.898683567827135,1.0296268879315562,34.962952012219,2.0030882062815536,36.24714661495716,1.5213358552664076,34.46489310100612,1.641601697758965,35.3598458783864,0.8324875652430315,35.32171273932046,1.3391911127332747,36.45354790117257,0.9621991698171186,35.80207806503061,0.5578630816259924,34.8033882427072,2.1147921989599574,35.751555663858255,0.8530830571610508,34.87469131148754,1.0287765844956454,34.48428031774118,0.6846523983047277,35.35139392514186,1.063208832325298,38.51377695578496,2.1573191338464888,35.6748416735426,1.0482360979103547,35.452217003357454,0.4368326382177443,34.266719485550794,1.8279156158345735,33.840562298266846,1.5269283648211704,35.34888247298717,0.636213669964576,36.54254626102586,0.8292308694746637,36.36166456928555,1.0896371369430113,35.143968444007,1.094762483740496,33.44100859533527,1.8236758617460325,35.51386825024075,1.9128888244121356,35.782763335030054,1.187175007161482,35.40321511803971,1.1082614708959646,35.317764344252126,1.2979850049230812,35.934642657898074,1.067924151378982,36.51065977290495,1.410630044882332,35.70331446286038,0.9076671603334674
msp_27,11.799691491092744,41.48370852672724,13.011443704140998,39.78847738749829,13.8456952372527,39.59657516097185,12.207829328961202,40.67643615817525,13.736814192514299,40.71583074996981,11.235598017521149,41.55913514672889,9.959168876012404,41.5364945574166,10.669233577196431,42.24579382138272,12.791084883998307,40.44215067451677,13.144339177631904,39.57311703683432,13.164119528303578,40.317698852066,11.842896996004564,40.43359554646891,12.43371590219955,40.43954430963713,11.020863315191765,41.63986524033477,14.043086848760364,40.42589744362324,11.463247297585898,41.17713884880851,10.53333544732635,40.769073860767016,12.965438505706647,39.939150820253296,11.354510373531415,40.06402611398045,12.618630414734277,40.538068599058924,11.391942523235336,40.400996660395336,11.348115337976903,41.05574038869578,12.348688109827494,40.52498972229669,12.792910696922991,41.27421459759442,12.750136701277818,40.84455425489901,10.977143580857438,40.484373449478596,12.019469564574198,40.997155154138184,11.896623310842507,40.82724738713924,12.127989881210246,40.77713829987558,11.209493412459256,41.779704866269,13.231414507057753,40.276484342047944,12.200874866373251,40.557141610911856,12.758190403875071,40.39089384565879,13.615682889642738,39.66371804423967,13.44581406483814,40.5720706538459,13.576468419054843,39.66465068931266,12.128881894437345,40.30336132456563,11.783950783496376,40.286926605982224,11.881349929487488,40.759500385125946,11.508390330272068,41.03939977484046,12.195841728642524,40.971804012568725,11.604157245558907,40.910866159809004,11.798812269642324,41.14974429028635,10.885278157457769,40.82270851445072,13.089738758054212,40.542262981224994,12.249847756997188,41.11035473981651,12.339178703044142,40.93470154307967,13.53126654419595,40.18276275464163,13.090902809732023,40.35560793351008,11.591007299132643,41.20871938728887
msp_28,37.061441270879016,22.21568184936639,35.55973529748697,21.197357362233074,36.75933617547504,22.998979568052363,36.1708820423955,21.091284949376004,36.76283259443404,23.34280106470495,37.49046808006468,22.1778916591636,38.0239909129431,21.074872916753833,39.28661858020005,23.59431443536927,40.4485220923144,22.835553054145073,38.67471029818655,23.20068822143292,37.333223033272276,23.53111638869394,38.068802212220724,21.756478923708205,35.42027423141916,20.926708383267233,32.1301546508199,22.2063583394093,36.51461072632861,24.172840265742398,37.61600060689901,23.18257852271168,34.32371964243352,20.229113394856675,34.7616972841542,20.27362031002653,38.68998538511179,21.795276538633978,36.30713834201259,23.720681331047604,38.292399057433485,22.43407413673835,38.668848253327006,21.438221354539245,37.13712424399432,21.000683521860257,36.92069761600283,22.791155787787854,37.00704125580263,22.141068983196433,38.27068203177258,21.277735403329416,37.38728960936989,22.190786107463204,40.15787416488948,23.58160294514592,40.002242587528876,24.19611889771442,39.760215350476656,25.256359951846697,37.80769561385885,26.772862738774112,35.27844071716991,23.108538897173293,36.9228432233445,21.117919108086404,39.77820741076857,22.26274135528555,38.148612665277874,21.681568619379835,40.00025389264781,25.055102759597467,35.47254569485611,20.94116774278164,35.39592721647299,22.47158180270169,36.96400204398764,21.279510369740837,43.420508907723146,26.941968410004765,39.25013046361506,22.176150301583636,35.972314440218454,20.420445951689885,36.4355447546742,25.519661357576233,36.86903248278047,20.743492359231347,38.49303807464746,23.137317929496362,36.03434858761701,23.573939291352502,39.67909160834711,25.254325987377843,36.89762722036926,24.032632623103694,37.8045948871918,22.113325312937498,37.6896837989268,23.268653260740304
msp_29,44.65768008660329,47.015402900964816,44.337445632504384,45.75606318178376,45.861051980356415,46.368738735747094,46.848821036536194,47.33557911429969,44.767152111424274,46.50779023458361,44.15794289429009,45.49751548269509,44.69682974552268,45.370526193469175,46.05263015575592,45.66704346989855,44.8323952891991,44.02892213752615,44.55537145672268,45.67728071996093,46.05186606029561,46.183560796174795,45.654031572149734,44.03746718292459,45.60030099338623,44.533804086351324,44.0418976018262,44.99173281718683,44.23400620956534,45.828537265941755,44.794707303961594,46.267826538850144,44.111692946528606,41.87439102713818,43.47050258212609,43.45960701746954,45.868689523819036,44.29420504643919,46.68634159472664,46.42749201446199,45.60993917072148,44.87411030928851,44.87751444390213,45.41510158663313,46.684028841503036,45.40399890916068,44.22481489162874,44.279171816127615,46.50119853578191,46.395839216993984,44.99260973375131,45.49359333206384,45.87195910193825,46.504928442584884,45.641009543490256,47.90113340611606,44.92710048702156,46.05337530707714,44.643948540730676,45.300310622785226,45.536730980001046,46.372721382274975,45.98700493025094,46.848982050229736,44.70118918301496,46.113709881312175,43.08250923417211,43.437260505432505,46.20591486848843,47.36609089193966,46.23670893888094,46.484163226068,44.13568861400866,45.60310602893112,46.354657647714696,47.01813025763771,45.469033486674036,46.3451722231281,46.1820130073707,44.61533238970435,45.90685677428946,44.08885172534211,46.13536736731727,44.41629920936312,45.566897400551156,46.38423240704965,44.91489030978866,45.0660839545818,46.51809220884964,44.905480792572256,47.11360740265613,46.01323796010733,46.59843991652731,45.09421118562976,45.5753928458364,46.37189460502108,45.855427009757996,45.566369895704966,46.17967467059374,46.278893927049566
msp_30,11.71218550518536,22.0710756509105,9.67960374390238,23.05666849708599,13.233264197965571,25.160715046546347,12.383337621711123,23.26754732013011,13.20317964478621,25.10993042177036,11.107688778579812,22.945277696705745,10.490433533914384,23.676387201791925,12.377091823551202,25.972897783530527,10.67079929066197,26.780471463133612,10.902206794715083,23.325461218279315,11.694880789693677,25.987265270153316,12.31972667464057,26.22723530692803,12.180622072749557,22.740458756028858,12.267230928719169,22.939432700804645,13.068864284083908,24.87173371035085,11.872294204383694,24.577121739582402,12.962135668968067,23.46781058370274,12.85652931905955,22.692950782264923,9.400337086581539,23.114099268282974,11.43053531347662,23.31249619143365,10.833887621041455,25.52750576386634,12.346211621862391,24.112463680468043,12.409482307673276,26.22231289970738,12.69043833230089,23.52681046721846,11.84200327720724,22.880166887410006,10.58222732336465,23.271455397063193,11.844521551642828,22.335564971290715,10.451077500997904,23.509610517553774,10.397609580048883,23.084294116324426,13.616356589881178,24.931491052905574,10.51205675321298,23.659334080709677,10.648758206658519,23.50801325783869,12.896763720641339,23.398934745062817,12.95107589885119,24.227176818865598,13.690343373408822,23.57571404770873,12.213002323450288,23.307088320396716,12.345435587410517,24.81003724324854,12.531977213938843,24.3099486489826,12.130456988539116,23.62112924154876,11.601193817294883,22.942573866214875,12.37377107832527,23.503667635931052,12.245526694834938,23.957660142437128,12.27242694840628,25.79787500838831,11.130367745847002,23.132345922992407,12.787758169276591,26.842830759408848,11.81470562577373,23.17640184965512,10.640967161875745,23.311159820272763,10.940107123445463,23.69965144498298,12.236099155422334,22.871925791881083,11.284697973126764,24.31348398296928
msp_31,8.776229713541593,25.808727759562135,5.242525283883136,21.924945291947953,9.967029849174356,33.62625360780562,8.597301752492754,30.918217391789696,7.582322028960888,37.82445961867671,9.45886543438487,31.40437376005714,5.678100629943465,35.49750932135903,6.8178547543451415,41.63050686121503,5.638256803942948,35.74292773043828,7.593242795104516,31.593586859956474,7.928547667701796,35.0818689027067,7.2534079279925585,35.730415162486125,8.889679128124712,32.49932176170245,8.004890696493757,35.8996692377132,9.449609304779768,35.425802358779094,8.936176383568657,37.31619242030285,12.074150998737524,28.566042616186117,9.723174240842114,26.065370264581702,5.792720065700177,29.15534238764899,6.896401379866379,33.19904334892356,4.881768186834606,35.9246691669939,11.32901721539479,34.2346902479012,12.949153721208855,33.04835563241518,11.618026089834546,39.29946384844644,11.279203478650473,26.945610136948535,8.061090940941465,35.53979847376299,6.926364837559845,34.54488547851356,6.7582109636153795,32.087825732079395,7.416973818034734,31.47665291299267,7.59064691722374,36.42069602895044,8.149971616449314,30.417804997438164,8.959934976787576,31.295601717813135,9.169696236344068,31.891620314795034,9.196908609266384,30.243556649856306,9.30936026526852,33.179729193704915,8.323010243515029,34.20181660963045,6.482524298194502,36.799960769094,6.125609850860414,35.07862481025013,5.11476954626195,36.882315849700916,7.076477189675902,29.554779358489387,9.213669247856643,33.96075390510828,11.979983908320703,35.27042368961983,8.227063390569565,32.28775836877254,6.0669996356863365,34.74628135970635,12.332051977863578,35.02615218191413,8.986538461139958,31.700796511648033,10.634719658145602,29.536837703925443,9.918149912127623,31.90998544063536,10.363235517756413,29.873579290176018,7.88773678338433,32.94112497520396
msp_32,2.4415798728079103,26.20281360708981,1.2300229475502924,25.5792173097112,5.019443520877989,28.20442944437997,2.5956559701243123,26.855332614545972,4.995394980721009,28.21825254670382,2.450078729233603,26.92761953952378,2.3254714742457345,27.158609257147322,1.3512548790650634,28.98246170945231,2.4617823521099993,27.526133907324297,2.8908901758812995,26.684168612443656,3.9911142992036623,28.401023883888463,2.4043506859606367,29.14725295197203,3.2441052413997475,26.527891117098072,3.3453478898904194,28.596004889431736,4.5259947659803075,27.568471267395882,2.8116817891131873,27.283590418693567,4.470998654110669,26.752229069324105,5.439591984263146,26.163307082132352,1.8738893516341122,26.98132487678114,3.160813719515623,27.426526363253547,2.2981363002672985,27.494558305141055,3.3203817529529793,27.291781416058093,4.458109659928663,28.875886424454535,2.5229287502070186,26.347862050505277,3.4810328234825114,24.169638604435544,3.5251201082000883,28.176279527370774,2.993918556396391,27.275549925877417,3.6061500439673253,27.330351121095536,1.8610344688565839,26.606806281291362,3.272857744234244,29.297107799625813,2.128595797730803,26.81510903991796,3.260717495380529,27.75744479934347,3.8979100031782288,26.573311509804217,3.6577060206953576,27.349044038070186,2.825046637387665,27.81965054526998,3.1231547289719224,28.634812376951746,2.6728210837641946,28.398984668039695,4.451266912190377,28.76546208803393,2.338307595750802,27.58231695065337,3.1163324480763244,26.468320251044144,2.910790769253758,27.350528603172286,3.3832098432907607,28.049472145945128,3.2313271092822937,28.403964026475528,3.2447704137870694,28.23098147150849,2.368051034885383,27.06738554111159,4.641209445745162,29.50926585881734,2.7940427818576197,28.56982087900769,3.5541301521383915,28.397658589583443,4.635130793467184,26.090874720187788,2.622568162687223,27.76710880877428
msp_33,16.09097183887728,27.984866729452452,13.238513090329622,27.094953815281354,16.656472407883594,28.814923155016025,17.330645942060993,27.321690230256173,16.712692266388878,28.60192697558999,16.637652293247974,27.993631492586545,16.033115485742165,28.016239943453755,17.262123805530724,28.610501008605553,14.787331177231334,29.99072203200526,16.16524430541743,28.61648821187476,16.71611790418358,28.421273835008044,15.716827721141364,29.499004662462543,16.405556591609518,28.06694306681345,16.860004924982405,28.511406419324942,17.527082434243273,28.56608462722544,16.10290827208924,29.2024607090232,15.783713363041803,29.18795429714475,14.853043386817731,27.739176929059177,13.346554994517867,27.34232552763395,15.280319428168562,27.922083961900835,15.070654533329721,27.96571683739756,15.861055855984969,28.02988218825332,16.853794091012077,28.73367947645442,17.69741517414877,28.300557634173938,17.34157097213018,28.203066186153915,14.894392378540836,28.63063017798708,13.322574677169841,27.778443807294195,14.821019600293795,28.436837034580684,15.765317935391936,28.0676419204526,17.432698736408014,28.539031618452984,16.279344395040965,28.711044558632434,15.590051833613808,28.19128166951324,16.064235320047434,28.135205754334446,15.349634654852947,28.146037250548062,17.596837698045423,28.113670055356362,17.058289402502282,28.21806811824119,17.234424492309486,27.74737748393515,14.951542625603258,28.380161831925935,13.607078287863166,28.511852156452164,16.318072778115045,27.799495118988876,17.064843056087614,28.17424745339869,17.69118643169109,28.35997426719975,15.61892969585976,28.69095130868953,15.900811845118952,28.86120776731486,17.65628705376966,28.617866594074968,16.708740460180103,27.854643850529797,16.269649081103207,28.31528943527836,14.615043001064135,28.43339443996331,17.473770572969737,28.215774735604512,15.275133641902796,28.346010217838966
msp_34,40.9972944285647,40.007806941157554,39.108698611153535,36.5462846701253,42.28610686268407,40.54630948453265,41.39917452928168,40.78415246300106,40.84547650622475,40.62406687699598,40.78637679239641,39.80747057837651,40.96241210634551,39.21968068366692,41.91029128612873,39.85942647092883,42.050165100190725,41.219314571406294,41.112633614955904,39.04835882508435,42.15458010929784,40.55486293213894,41.194797754922035,38.89993970469945,41.10700523321704,39.41449679588085,39.91472466262993,39.94665819298043,40.989443688824096,38.859711613884706,41.798281372814586,40.7834231513584,40.70702343215926,37.90599968512075,40.30842825969353,39.49540165541031,42.075960144256975,40.64829884447785,40.961320541402216,39.918861168701554,41.768103013272906,39.70218167140282,41.75156580438198,39.02365045241655,41.961620422016985,40.56071422969593,40.39434294858201,38.73997847137077,41.20150064590196,39.884191138389326,41.10968980074945,39.18812703225173,41.913279445161,40.56736541744165,41.65512092493114,40.045477399898274,41.422392456739615,39.65204485685321,41.874160486505644,40.534773253134375,41.51418624618988,40.07711507339212,41.56272165805139,40.17931448853395,40.48011948628236,39.778064531291534,40.091356926157395,37.84562814117111,41.68572056031812,40.52257828863951,42.73402883159521,39.623385766047406,40.29761323890378,39.005196683283245,40.81192793992064,39.351039961203284,41.133748574327775,40.43900824877536,41.91408788544713,39.79371616410195,42.24718233903424,39.39368704766228,40.65351457752487,39.40354451792918,41.49993450139898,40.29372399214479,40.947014218364146,39.18610882192262,42.39423489816862,40.01849454956149,42.085920674364544,40.32034050621867,41.71571471827561,39.648024400389936,41.463539338391186,40.22157591365195,41.76854646153112,39.33049656297403,41.628803976376375,40.56739734583154
msp_35,33.3443189665573,5.9161795770165,37.95625845542649,5.1459811104468365,37.251591031215995,8.204567941339015,36.49400829080902,5.261124967025058,37.733747205661246,6.664527261813152,33.79001260797091,6.212192720973988,38.66630780647851,8.827047191438908,36.26175482392485,6.873384303589827,39.229679823845395,6.420848109761906,39.20130766317082,7.55711060769886,38.792728935399495,7.164231770152078,37.74612111763563,7.1944982033224,34.55628693423888,6.3575929280730925,36.91669720104268,5.867545917453885,38.1995264948166,10.697230783268783,38.20658158604776,8.626311723784283,33.69176664636363,6.311982382900208,34.24299073981079,10.624795349266968,33.96712243116107,4.797398712762895,36.0070790780922,5.408452640608331,36.87008908353418,7.395435323965778,38.06948358752517,10.2501644267608,38.98365728854368,8.258585735701349,37.362416426009645,9.03369109166401,36.47733122515973,5.489621329464743,38.99490381860008,6.752658020106278,38.57045987660603,7.274440169830559,37.78245488011536,5.913902578685157,36.54014822929106,10.10092777155066,38.06352261959264,7.241034671801977,35.492250147652825,7.115453592614191,35.60131454119029,9.036173103867252,38.12995457981352,6.546513211028341,41.66785300665255,8.024071711988945,37.925072956667606,7.962402867144991,37.194501331896525,5.6390344310400415,37.49083818880327,7.010320126486004,33.384493673181254,11.983181134978214,36.671218742642395,5.502212878170823,41.7562561224977,9.22050242044521,38.52546096460378,6.415302652571185,37.43960030092199,4.970132982487531,34.12139125791278,8.284056188622483,36.55955079615814,6.999563619977579,39.98571902319974,8.626699905787632,35.707132381806574,11.24130062957504,35.018069219574535,6.490887234080699,38.59966861947542,7.106775792331501,39.64379653813373,11.45784737198951,37.35491788652027,6.932604745061997
msp_36,36.608332662917,25.544240152444623,34.551136964947815,21.432036909440413,40.1569838572326,27.17933718886681,35.07021361802981,19.42747596700917,41.47443452098146,29.13404867225741,35.411153694646856,22.992303383738246,41.35227987597556,24.013214070452328,40.289880183508615,26.784416299726104,41.6202351915715,25.81758339782566,39.95009989464383,26.170585941062466,41.13441204114487,26.821259561102536,40.89158659722787,26.268766291356695,38.47224035133723,24.38788007217633,34.439325750564755,22.573390305122604,39.44942293313726,27.49152941423342,40.47719955005904,27.597641737577845,35.116684437135284,22.476694546187375,36.57113247076353,24.359643087288134,39.86979482622175,23.484353690767602,39.83931287518021,26.205865709096674,41.245857410714905,26.59842303090813,41.49803961288023,24.975942513503522,41.42283078828716,26.31480125305435,37.811644008927175,26.036803729346914,40.64264497848796,27.09582186838138,39.77665022515415,23.763215617866017,38.53019221640488,27.229134659246284,41.33636178907591,26.25108791472481,40.48558583884996,27.83021842221184,42.14009640695649,27.403956982652904,42.47304418150434,29.363897790163318,40.145258061943295,26.558015552955478,37.16749106904574,22.223458932965983,40.97892202611286,25.233176842475338,39.7297316938649,27.13987600957492,41.736186677673075,28.45799484426005,37.45468351119705,25.781006512695438,37.24157080615059,28.022585080778,41.941970547467434,26.428293760704356,42.750753653210765,27.996584448540602,41.73608946017032,26.98691381539756,37.5974661752759,21.866860828979092,36.81210822377272,23.677844354690865,40.020004395840566,24.64012884608401,40.786763956837234,26.494727392600797,40.874588884376486,28.277162316540192,41.49647560498491,26.957171785025597,40.9031571856268,27.036250319648058,39.51646889863874,25.865315132887797,39.72596067809986,26.165802091500883
msp_37,18.41235865895826,27.499622420848723,16.720519128146353,28.292270536556956,17.80756772148909,27.946673863437745,19.282162803387145,27.288053986594104,18.51842551282723,26.915924401369267,17.37733166301468,27.282312968015333,18.132362443974145,27.517032215654833,19.013753806111648,26.817926615297797,17.248303570006467,28.493875632725583,17.56334200441826,28.240161513766292,17.858744208842303,27.90772122777687,17.46592153879935,28.5132599463799,18.885852668628875,27.337302792800017,17.279889024982857,27.347721740607476,18.58780043446945,27.924381965751838,16.05702416914079,28.464114592358325,17.420372580399892,27.489333917318366,16.76415614232482,27.138734569636497,15.926936917023532,27.625495161677016,16.989184813740547,27.203401217218985,19.142554205494974,27.05386596854685,18.412608524996063,27.669803679713663,18.92110126205365,27.91721404222244,19.393517777735315,27.800064788682104,19.143533629196046,27.000969238768874,16.084014817933998,27.752145526843186,17.30674237537304,27.741890422089092,16.835172675307543,27.496859774902802,17.753988085690402,27.704356499226176,18.763769657572382,28.178516825269952,19.070635425863806,27.863655008409523,18.455869460940157,27.74343264734266,16.8171430924707,27.50909559513341,16.474531557034236,27.633657486507204,18.695397184829257,27.907095263290948,18.689430247400946,27.58708740919617,18.131900660836024,27.547701219609472,16.972625432436708,27.940348471301984,17.928326783659283,28.065037025959338,17.259313025801738,27.73565745423984,18.22874848125226,27.716821384648693,18.669115200464077,27.974695646777004,17.945392292927068,27.55894568433964,17.731674963236237,27.682562222301055,18.19522421932385,28.13906089735798,18.582981345801823,27.33036193893816,17.61858030725969,27.395742669161553,17.08694809897446,27.470094646777312,19.144962044258563,27.279820453052263,18.152395219038958,27.244382986079195
msp_38,44.844209774140054,9.845742636049454,47.175357572612405,5.6683295689812,44.84889838668555,8.88770441045595,45.29143416482961,5.998359891699824,45.319197436934246,7.810869048304635,44.62267496332798,7.567062182693846,45.283034231476904,9.989926203449748,44.49902112209527,7.745916620627149,46.81817705632339,6.14754949454592,46.67480170659174,8.573288750833136,45.976991527466424,7.628357969508603,45.66683358225032,7.345832049615574,43.69212096587913,8.778258931251585,45.54389778608187,5.772395954710568,46.44680619577153,10.848722591069816,45.35608209859629,8.808908505100536,44.904104283692725,7.5569358417752746,45.227059122298755,9.166207353223346,45.94442195847084,8.400722525265792,44.9564055946086,7.209449091996895,44.51586874476695,10.797250665690495,44.719421728708454,10.474390787163632,45.70519015101559,8.455014231604515,45.328856081112185,9.840032495584587,46.10041511671891,6.862780717264538,46.21838088125491,9.397518455297714,46.33685149457719,9.022144777616305,46.303765137803765,8.116391811123421,46.41429632173379,11.912958002307182,45.71588407631944,8.73963902302215,45.914954821712534,9.715007642557445,45.89938125999811,9.636544464633474,45.880717205037975,8.535878760536225,47.282510021928886,10.126998142113337,46.25921052684484,9.343095674516302,45.108296856468186,8.161768774917668,46.08671768225077,9.141195660851626,44.404421669626686,10.4513300874581,45.70149247477018,6.810707193802106,47.04811691719884,9.724500457003014,45.90391807679368,7.59496927589575,45.549260098865815,6.359622901493211,44.12304351636866,8.705297519037437,43.745128382867705,8.357972091650062,46.48322182562201,8.692406851731374,45.660713996286965,10.724742972701046,43.906615182806945,10.392197028947724,45.89493995513507,6.989786810906185,45.941024462584835,8.963245300484566,46.05868322448053,6.942396678107549
msp_39,4.166875016346719,8.195947276069806,2.5930959092182384,7.456677336650202,5.052376376331264,9.291586779422378,4.344847858070175,9.207416821916684,4.215277393730762,9.353196808811276,4.872051553269049,9.389284291590283,2.5550002926972226,11.110426159432475,4.276689860782707,8.656482371784946,1.5453453594043687,9.558571975648807,2.0616265828893923,12.627472516694938,3.372979833087811,11.293034703839739,5.254235729040431,8.814790050605843,5.3274541531822095,8.586480217180757,6.075747505364717,8.969851116307815,5.830563257828057,11.843973355075413,3.269755311996974,10.125823513453847,9.427257806995566,6.434792413934208,5.2243268495941315,9.581474713846479,5.1967614236354684,7.921618550169605,3.0784790225271017,9.361029346982775,3.0535265301514514,7.167372515451913,7.395691712780916,10.036309751746188,3.4957655390765545,11.77600873587842,2.450651800828833,12.20523132354408,4.246634302297153,7.788085621458642,2.7941553494923994,10.672866060902646,2.233224003115911,12.311760396398597,4.979688384529119,7.808588689090151,2.5411698237516234,8.420355124162516,3.9165723525681386,9.961052856343398,2.982820410949479,8.651074710803208,3.061774667754232,9.591475021647078,4.562826554965415,12.020658342938043,4.225324907919752,11.58077671437519,4.273321359590504,7.023056193167356,4.491327345609328,9.86266804357216,2.997295585439712,8.551394277579227,4.500320817399949,9.060769727170456,3.111891143213292,9.124466864992954,3.5898584371886386,8.502348909831241,3.5200665036266727,8.043519462312641,4.927364901200331,7.862203177474974,5.313103485318319,6.554849881671721,3.2437436605122834,12.83677991681316,2.2833080727407165,9.968584595473342,5.1682357616407515,10.189907152838122,6.12432214534137,9.053365701600057,3.58637736836166,12.809704642189862,3.4858647039268185,11.300430327202273,3.9617341465267693,9.536753122265683
msp_40,32.438053141881895,19.983647513302994,28.47827360550651,16.34739544817823,31.559796191423363,21.076974729051194,30.560994227857737,18.59716978581682,30.62222078775528,19.606974434175303,30.69096720676999,19.31528716693697,34.43011908249615,17.720497700964543,31.402446678454744,18.699808636429967,32.79913600284319,18.728988664123378,33.52029884947413,18.614364063991196,31.551583018010177,20.352988825847923,33.25568559873192,17.659604379906508,31.051962657257313,17.261367454404386,31.214456170021215,17.140436997269727,31.64444875834616,21.54674889253439,30.883545272713253,21.249626657138755,28.464700038075883,19.174825357510358,28.833070374211346,18.824584784104314,30.893456767676888,18.097264464709927,31.43977436198245,20.458223118470485,33.123965263125285,18.274023392001766,32.64209221333721,19.893792201845635,32.08063171379875,19.194537777381797,31.78735038594813,19.25823155432115,31.266249647402923,18.600981027304258,32.63001848172222,18.158576215719627,32.70462268167092,19.946004361737835,31.46700720174745,20.084266893255855,32.844828229141456,20.1055253193744,34.086504671768026,20.019541325190715,32.59819339412937,21.073108032991847,30.856078769827576,19.95256522574901,32.60691823860973,18.34931221579444,32.3599380256273,21.113381075618662,32.40773151444141,20.870493831658667,31.045942420759502,20.352678784377716,30.908235960059535,19.744776104591942,29.89607255935988,20.278576352335538,33.67849389888125,17.694392041128836,37.769505338190406,19.502726980866452,34.27961444922859,20.083956431675254,32.514339034071355,18.449063227564487,30.45693781489019,20.231034139574554,32.430804468430324,17.1813649919996,34.20312985810804,19.550946411581336,29.9167803138408,19.66573611509806,31.565369142129953,18.335772057820435,32.470775359412514,19.108089981323975,32.72009390917191,19.062206364395486,33.36707980119524,18.74168019910305
msp_41,35.85258255771561,1.031080469892153,35.8583200959488,0.2484584987737044,36.77899287230549,0.6537524386614066,36.445497609715765,0.3915430573852916,35.962044349115246,0.22987953674321915,35.1459520221774,1.0918805264428926,36.88050500089153,1.3437736769026962,36.65419971016321,0.7308494175865725,37.83981747067066,0.6715752019840657,36.63825433413998,0.8571346017934225,37.89223646593199,0.40468411048572506,37.5830583708095,1.5807747541430608,35.898732729618985,1.026743250192382,36.02726791283249,0.6442865112810061,37.823817516400254,1.5747049991815807,37.91706786282174,0.6879191767225343,36.15539887590293,0.857855511228216,35.390413107939125,2.5359562290625597,36.294339743052454,0.2541820827711554,36.43917847203622,0.4021046326712536,36.527986660809546,0.8920961887185541,36.322614686224256,1.1182685004628539,37.633040106220875,1.2768097606623954,35.83364731708987,1.374986198678588,36.34445280737107,0.31626431624205154,36.87374923723466,0.9059984818515296,37.6159784344861,0.6079469622660589,37.392513770965685,0.4542252084977285,36.98479294501698,1.9593580752287956,36.94998566788763,0.6854657320260351,36.52581973384008,0.8779787990642376,35.612949088472625,0.3931377964380154,37.218732368067464,1.0091809553135285,39.444331806018916,1.8586055202812766,37.24661247173243,0.7258148146340275,37.14800237088235,-0.03223742024638554,35.82588185586046,1.236902634188084,36.056194383829826,0.7801737386356677,37.058235651643194,0.04321776726201065,38.031191830428405,0.5217268660413765,37.61739917448261,0.709766597612397,36.420711410436944,0.5481232422692024,35.511343153524265,1.2896281689808227,37.02776990351879,1.5497974941873842,37.23620764058154,1.1394471056066884,36.133517262715415,1.7346931195754252,36.25893039963408,1.3187972738040088,36.898653973644045,0.7774715885863692,37.87215934604135,1.1533107485834861,36.6378919004674,0.7250670181340659
msp_42,36.2160489530648,14.949529368152204,37.75799956145998,14.704042901189254,36.589701866576235,17.073363012106398,35.82906530268337,15.374533207248986,36.45554171276431,15.835558991903424,35.62440199252611,15.325264340771797,37.151036580310674,15.403310769185676,36.404896510535835,14.568452271772218,38.41072640285696,13.817105838988642,38.09889102932564,15.217509385789816,36.7863728746643,15.23742009776686,35.73779512329184,15.134513216722826,36.743703771587896,14.300852033930092,36.55497389846231,14.779738391842582,36.110312127034156,15.811192589095716,37.06484217790547,15.792341395530414,35.78439641851944,15.668991942751498,36.045298348454445,16.73552703828144,37.53620038726321,15.654146081675313,36.70986952227129,15.09484135206873,36.940836136421524,16.301213552870543,37.443718400227596,16.33035661084935,36.86136423905382,15.527913831378008,36.762177655468065,15.534097016145662,37.024789419552526,15.40919567557413,37.368126675119264,15.000709736918617,37.35359095288608,14.992928452215093,37.79022801641078,15.54176739170537,37.19331851894625,15.821836506018752,37.43960627041778,14.712628277185432,36.57338297067396,16.785264747957484,35.71050685249456,16.414002270584284,36.94317276762827,13.8877062307928,38.20613728500444,14.473927433294035,36.857203500492616,14.959461618069097,37.20906263768307,15.597273217080545,36.1943114605612,15.911859441523013,35.39439817276727,16.732136747408024,36.320098117358896,14.648285009578137,38.62354233868445,14.43253059536531,37.886685687638305,15.033543044591612,36.79913821500507,13.84163944573286,35.733153413927496,16.87967867729185,36.50876744274154,13.629243394003565,37.302397409830625,16.383151883967365,35.65061745965255,16.933991389150233,37.88612370224953,13.902660480350441,36.2454367808077,15.69192828978063,37.59444646319448,16.202180929872934,37.83958551312021,15.01129735904896
msp_43,15.170975321114373,20.033185670542245,12.759380891891352,19.112983847294785,16.72840909600211,21.212291026381447,16.478177213387823,19.085370831368145,15.554223772705464,21.19761362957295,16.72642807618705,19.742367191597125,12.898515341261282,21.27518407291129,18.792036499285622,18.35287643237066,15.18494479403322,20.23380266706598,13.901003468473311,19.808384599121467,16.235128339771485,22.537330759684753,16.27719025984818,20.78615078867096,15.259328122637921,19.15541373668048,16.15767242640843,18.8436729199314,16.024720669100134,22.358433260436144,15.449409660165951,21.411370418865936,17.412250654993684,19.41357745486973,14.782257958600345,20.159371288585902,14.749540004995282,18.531863625188226,16.10285369384208,20.6342073621972,14.974049330277834,20.267298068718716,17.01133931816389,20.99873967107075,16.871279596947495,21.937515415023977,14.776739586140918,20.69853298516798,17.016792026169696,18.19170108000553,14.724605421106986,20.689322064796272,16.399894098466174,20.951000006424945,15.70791185279593,19.90553050634305,15.469230091737886,19.037458921461113,17.876843720058325,20.449550779622907,16.13975200006592,19.72376890448855,15.445264271736763,21.399234689936517,16.886625465037028,21.711260761642603,14.922008118821104,22.86084012887956,17.52455222081612,20.706701191543672,17.084583325859025,20.041500915555574,16.621249824404735,20.509292578093085,16.494514870562554,21.296530722212417,15.43278035048293,21.852209479014974,16.03940648151302,20.123509405088065,17.386528950447058,20.217761171810643,17.009560408420363,19.219706591040584,16.176451607358672,20.90014144221975,15.01930834173923,21.57154296772241,15.883727148186152,20.732962712335272,17.23826373088348,20.857872035004274,16.52106804059333,18.50685025237493,15.247190432139542,21.102260753509697,16.649396849809747,21.392076849056554,16.061257394436506,19.797215124096493
msp_44,16.73017521396896,24.76539956871879,15.771221766721963,22.028616353797283,15.490754387963497,27.57720998368559,17.218106449192327,21.914792063964217,16.729597025663058,28.40356639198833,21.166017135575874,21.633805008441612,15.04756452363857,26.25311786188803,20.668033269452845,24.271978651531505,13.996174286966898,28.295087376743606,15.019652866924456,25.211194618663043,15.5982368651183,26.827364185226656,16.696097920895447,23.709358305673902,18.749156758286567,20.898815153708302,21.390505141230626,22.192910185611407,16.214776623074805,26.308125357566126,13.802394220408342,28.120019393784542,15.168639542692741,21.6212155602875,14.690290200987242,22.970627787999216,15.198904033530725,21.68033517526529,15.331281866458678,25.17633259790111,18.392534389853324,22.6426839435486,17.423958541795642,26.129486410007654,21.154242731535184,24.38415085724317,16.9000755918227,27.302139867968926,24.712429795622143,12.705230749379057,14.808336127323766,26.285016896560265,13.047941201362221,25.613070645418972,15.193738714107646,24.133938673494303,14.973043896630845,24.925990967637325,21.608219261544885,25.52791077654232,16.635207358332018,24.741457792491047,16.33448889152008,25.604473427561086,15.854288153336537,26.42352550774112,14.616715312668669,26.728189722457532,15.97414795360618,25.40343298601787,17.137368165933374,21.896861752380886,14.786205500883561,25.744943376626566,15.89967849370517,24.271287464907033,14.554429593662086,25.839002765610168,16.775215912441695,23.956120437845914,21.356648293108556,22.90266821012694,18.856305370070043,20.20647238543399,18.03985999009585,25.913497633273426,16.925092895866854,24.057364311898322,19.829612896321375,25.293243963931275,16.567941374271648,24.80160300196633,21.447153950647223,17.24170544778014,15.555929342929364,24.655057468907664,19.098323226486034,26.21696846533982,16.45037300759781,24.758413027851674
msp_45,15.339135164554623,6.686472148314248,12.947721895005893,6.099329223610251,17.589848271267883,8.300635425181163,16.72274063336298,8.071723993672958,16.930109830680458,8.01357231304118,17.005345944397106,7.771413960613451,17.61325210588023,7.910297415292671,17.463234412911596,7.322011790319074,12.410103988019888,6.602858416969202,13.156091409259684,9.38543271950509,19.17419978182176,8.3821502850016,17.08718261488025,7.575647558690022,17.077922221349585,8.69663316228733,15.150059913458694,7.163512541158859,16.73854700541297,10.290888247839561,11.502362845100807,9.222534074306903,15.552692170644404,7.307402031283885,14.539572371441698,8.372380197696494,15.958055045758577,6.107531458927799,15.026943326846514,8.160222768670558,14.431162916870203,6.444722143188741,19.994355629818045,9.262326930754252,22.758353486329213,8.564489958757193,14.332819737760163,9.33070913968212,18.391504651830644,8.1825810437986,16.049435234429545,8.160780675272775,16.451725524785367,9.060726035689559,14.8662436475656,8.454694947705654,13.97677683681049,8.130761267013678,19.130589203981764,6.516302232429926,16.305637465612598,6.781052441364338,14.14297271613792,6.863182342800474,16.149912934674795,9.541831416699125,17.00809447081292,8.357533496399522,16.198879003017836,7.622135294363986,15.938994445721388,9.066617663844305,14.462581225964655,6.829733153290995,13.927905427614876,8.60926364402675,17.539684892627665,5.760380797464009,15.10280709040556,7.2815635616582775,19.154474435789805,7.114447008111998,17.676190205497456,5.734429738253009,17.673596033186904,7.275799647063074,19.647457996408917,8.56087700937536,17.9381619543554,7.26858551139042,15.870404086382162,9.221251897386747,19.87882541956177,6.327482775969056,15.916095459895315,7.380652479448578,15.229826021690021,8.21846183226413,17.805634457640302,6.015118935506809
msp_46,17.14439340968562,46.08206716649361,15.311788904369731,41.12381339637423,16.093409951512346,44.357621550519,15.317870967788156,44.65734678991113,16.402854968374864,46.306903527187416,14.4775638075965,46.966249984956164,15.65136623037788,45.4281972678111,13.727583646462554,47.56263869919451,15.696943330686032,45.24158927246022,14.556860884016254,42.13265977292574,15.809569807636118,43.22718682395703,14.118280323221416,44.029407785140734,15.830511651630266,42.15770171324577,14.704066091685677,44.97971261861555,16.551330825861093,42.88937269587252,15.794862675595432,44.62784327721492,14.76166319814676,43.7633854819356,15.877386690878806,42.32040878810464,14.726132759242487,41.1464556661281,13.889432880074377,44.24957755958648,13.737267874193856,46.32795441877171,16.235289516157643,44.64507116422077,15.908256659146273,45.74516215730007,14.949217933388082,45.064621970413334,16.096183208696406,43.22871434534683,14.570814154017976,45.00931191648141,16.159884550988824,46.293670049800475,15.89868926297531,46.709002947644954,15.478915172254299,46.23313718345983,15.950016693293339,46.13107052320227,16.5543002236209,43.873193936519726,14.470619578429893,44.61961919615693,16.709623092770972,42.75502979432339,16.793288134534134,40.17644933565207,15.354268689151281,45.10083716675189,16.677180588757068,46.1845606589107,14.047193009074402,44.59241116664937,15.240927578277383,44.38665285913321,17.663829085299742,46.95464821633655,17.78950829117333,45.31292065634861,15.297758883707935,45.08210696497983,14.615567463907984,42.2979143972092,14.041265299761239,45.509075240275386,13.376305255933344,46.13659245421097,16.576049655116066,43.95749496846811,15.918265798005226,45.91300130072271,17.586808945128894,40.58621829144853,15.342138673718908,43.690007320211365,17.30963587525789,41.855538153131306,14.860605032405388,46.28639205734805
msp_47,3.0293603056490213,18.727310743212794,1.9537884943429056,17.28994672423547,3.109047957650052,20.897568266061178,2.067834858504387,18.661308039552214,2.6643256384789495,21.316459078825975,2.142105619474311,19.710916467228273,2.4704585878389764,20.543662229474144,2.939434115593926,22.03911113153072,2.1236939889073163,20.973497758203536,3.3683287430872397,19.436912486662045,3.5683102629798924,22.276997381369632,2.4010623465689562,20.4207681763615,3.6897298072192903,20.016310676266727,2.5521247012997286,18.490988564367903,4.762407265855451,21.076445810066108,3.2532965593363414,19.540579767517837,3.9209369067710966,18.776943425290526,3.524214450411197,19.28531691159388,2.09044048625195,19.17383767797586,3.164033836098344,20.19377706946078,1.3943836333168065,21.92955306274097,3.0707306169999278,22.44814027292469,4.217085298168094,22.53054198578525,2.283777104552289,18.3956201442201,2.5004271622431133,18.12384232862763,3.3500620859892756,21.1979955099204,2.4919231891067497,19.081167206773422,3.311978408459826,19.670558142191627,2.2685412457421954,19.601943192105907,3.5244191188380647,21.32558933800218,2.371509931299453,18.88249616159116,2.686835754293977,21.021046692730817,3.5001010985857057,21.264614095417464,3.9596687009856275,20.325804322522384,2.323634575114596,20.384388716859196,3.108790416546242,21.280517374353426,2.659688193040168,20.17098902140046,3.6677535348843477,19.703097372589358,1.7675862762891335,20.999797929151313,2.8484914056853867,19.2768869764432,2.124074331067245,22.55544739022748,3.2037156329275867,19.623666680429764,2.5054466554120474,19.962065602181656,3.4609139171213954,22.282667611347144,2.692486308445755,20.00177233599839,4.235599262948522,20.219836937263622,2.7243634159304335,20.810225634865766,3.700681273626948,21.506159926891854,3.6372067721743093,20.43623033938456,3.2958522419928578,21.81407857928327
msp_48,28.15890707345529,15.74256167481505,25.21166624317742,11.230065197218327,28.42903592510531,22.856856432075695,29.152962008695248,12.572923702795556,23.929210176137644,22.588977661042854,28.12983371022242,14.234772029957156,32.526187630416786,14.66578764878115,26.795637864613454,9.839661117996965,29.845116516958104,12.335142900665348,25.179618845165695,15.77565377049028,30.16157782332919,18.74246160443447,30.139037007250135,11.996055838089335,28.225281470681114,15.224957943061897,28.072893887886373,13.405922791608551,28.79849036431434,23.855534666724513,28.345895346185998,21.45124225606721,22.843811935182806,13.42848860127085,23.329548101528015,16.49264441553577,28.123645048665,9.861723635408165,25.123734510965278,16.63751696398097,33.32212608680392,17.81062902495026,31.92025097614971,15.22137692206995,33.346928488999865,18.598524221724613,28.437504934052082,21.068838451065385,30.01106508860307,11.088482953372953,24.358030877821562,15.584148968395843,27.139931838477658,19.500169768902822,26.58206540179352,12.558073640615438,30.61060841288586,19.99509216063554,33.98472050473127,17.36228721328841,30.970953188332764,21.557341976099842,30.040067883867923,21.66596361882307,26.561753126408266,16.63148165807174,29.461871902900015,16.419954394635653,31.9822625247428,20.839582108924333,28.1263888847627,18.24785807649022,26.530531064487704,20.772355203577867,26.935912381079923,21.380996437434945,28.31120340824305,14.057894631534424,31.705675318243703,15.60414454267232,35.49386446986974,13.598404770477655,30.869794539175622,13.308910059381624,28.200413830424104,18.985922719191628,26.477521408938216,13.38159503895702,35.538637393817325,20.325545954630545,28.265186057620856,20.91754367503878,30.8597947809529,12.009241422891451,30.038138883944693,18.861430146032717,32.37613156211811,20.600407380509367,33.24537457394334,16.10065453158108
msp_49,41.92254921932789,22.36228861351487,45.56048786764974,24.553426673183086,43.99424396977045,26.10250043509982,44.865759653919014,25.417812104447172,44.90089610610157,28.418562862640492,43.11783159350907,26.279968745047537,44.833862079591654,23.865055628566427,44.40003835415127,27.72238553675191,44.79454527479032,28.814453051485994,43.95126189455796,25.70362746246234,44.50201951454889,27.73087449741284,45.28521565579327,26.00965560495574,41.602708751950715,22.081806110574547,45.87898605126072,26.556239536268073,44.0165630617204,27.201332803697888,43.622618979255236,26.395418021881643,41.544064425372156,22.77681594968032,41.039452713359054,22.86869682339867,46.41481652065208,26.9714141575219,45.50379812454777,26.29763669769029,45.819942621249766,27.222508258013768,44.37105559933654,24.029423819920154,44.91684318769503,25.099982680282718,42.86944428509192,24.202501319836067,45.13464279971676,26.706949886223885,46.18953116091765,24.56064143902133,45.61040479139261,27.466099922075625,45.41681915983958,27.22948240562429,44.68201345698766,26.898856996533645,45.633534029198906,28.044829505989473,45.42699970850603,29.203496911308118,42.96283619384198,25.64371888016605,44.61061999298546,23.938010319014282,45.04034352760759,24.68352593462253,45.4341409310335,26.586961211563263,44.90995609513092,28.072012118818243,41.544485701217454,24.417987808645606,41.392718945984214,27.345595561907306,46.59490426945317,29.35799376875197,46.91527346359976,27.38054748629339,44.605209924235254,25.996833008661827,45.638930453387324,23.85473477653579,44.349938934394444,27.02100472353271,43.68950632672589,24.077896367146963,44.25117106829866,25.35313248595629,44.85406455889374,29.401547663494767,46.10202176386982,28.737963132079056,43.489048952740774,28.11821649003197,43.44793277135323,24.378509299799997,44.68261040656603,27.895357588959122
